{"cameraMode":{"drawMode":0,"name":"Shaded","section":"Shading Mode"},"sceneLighting":false,"audioPlay":false,"sceneViewState":{"m_AlwaysRefresh":false,"showFog":true,"showSkybox":false,"showFlares":true,"showImageEffects":true,"showParticleSystems":true,"showVisualEffectGraphs":true,"m_FxEnabled":true},"in2DMode":false,"pivot":{"x":-1.8327535390853882,"y":1.3400001525878907,"z":-1.5975401401519776},"rotation":{"x":-0.058758918195962909,"y":0.9408491849899292,"z":-0.22159378230571748,"w":-0.2494792938232422},"size":1.2247449159622193,"orthographic":false}